Marketing expense	Production expense	Multiplex coverage	Budget	Movie_length	Lead_ Actor_Rating	Lead_Actress_rating	Director_rating	Producer_rating	Critic_rating	Trailer_views	Time_taken	Twitter_hastags	Avg_age_actors	Num_multiplex	Collection	3D_available_YES	Genre_Comedy	Genre_Drama	Genre_Thriller
21.575	61.88	0.563	37674.01	114.6	8.095	8.15	8.065	8.115	7.96	480787	156.8	265.12	23	423	64000	1	0	0	1
40.049	71.28	0.462	37074.07	160.8	7.735	8.03	7.82	7.935	6.8	466851	180.4	243.36	50	488	42000	0	0	0	1
42.6162	71.28	0.462	31735.715	167.6	7.74	7.91	7.815	8.07	6.8	350102	197.08	242.032	34	586	25400	0	0	1	0
22.0168	75.02	0.45299999999999996	37301.825	155.1	8.595	8.685	8.5	8.87	8.44	495560	113.12	263.64799999999997	34	544	45600	1	0	0	1
52.5728	98.78	0.376	27880.545	173.5	9.185	9.34	9.145	9.45	7.76	233100	199.76	242.304	43	561	28800	1	1	0	0
461.022	91.2	0.26	32318.99	165.9	8.985	9.17	9.02	9.095	7.96	360183	157.39149797570855	241.68	38	753	21000	0	1	0	0
36.0542	71.28	0.462	30308.08	110.1	8.1	8.24	8.07	8.0	6.8	448317	170.08	243.232	41	543	40400	1	0	0	0
91.3736	91.2	0.42	35757.535	148.5	8.48	8.685	8.495	8.55	7.96	421532	169.28	303.712	39	635	46400	1	0	0	0
23.4268	75.02	0.45299999999999996	32930.04	161.7	8.72	8.795	8.64	8.92	7.44	415458	151.32	222.928	24	539	36600	0	1	0	0
117.9644	91.2	0.369	27608.35	173.5	9.265	9.445	9.24	9.385	7.96	549584	194.0	268.0	41	624	100000	0	0	0	1
23.2422	68.92	0.536	34663.2	89.8	7.72	7.815	7.655	7.95	7.28	527157	132.08	204.032	25	434	50400	0	0	0	1
23.3804	106.3	0.419	33252.23	161.9	8.935	9.075	8.855	9.155	7.18	443766	162.56	283.42400000000004	22	608	42800	1	0	1	0
325.76	91.2	0.32899999999999996	36935.195	166.8	9.175	9.445	9.315	9.375	7.96	362344	189.56	302.224	26	705	27800	1	1	0	0
108.4456	91.2	0.41600000000000004	33346.665	168.0	8.68	8.895	8.575	8.77	7.96	354464	189.64	263.056	21	506	38200	0	0	0	0
23.4342	65.26	0.547	33141.13	166.9	6.58	6.665	6.46	6.655	7.06	430178	124.4	302.56	48	387	32000	0	0	0	1
26.988000000000003	74.8	0.456	33174.46	150.2	8.3	8.545	8.36	8.59	8.32	491345	202.12	223.248	51	568	40600	1	1	0	0
23.089000000000002	65.26	0.547	34135.475	102.7	6.01	6.115	5.965	6.28	7.06	480067	157.39149797570855	283.728	22	438	46600	0	1	0	0
131.6214	91.2	0.287	35751.98	161.4	8.83	8.885	8.8	8.85	7.96	418275	123.72	202.28799999999998	46	615	28600	0	0	0	0
22.0016	59.92	0.512	36457.465	169.1	8.48	8.665	8.545	8.62	8.44	493498	147.0	285.2	60	451	65000	1	0	1	0
26.4528	98.78	0.376	33007.81	167.0	8.87	9.08	8.91	9.205	6.76	394365	202.96	202.78400000000002	37	622	34800	0	0	0	1
301.014	91.2	0.40299999999999997	36979.635	173.5	9.22	9.295	9.17	9.26	7.96	353054	192.88	282.752	44	552	34400	0	1	0	0
23.8146	66.72	0.569	37318.49	91.0	5.96	6.2	5.96	6.23	8.18	531248	186.48	224.192	39	443	52400	1	1	0	0
21.7414	80.66	0.563	34107.7	119.3	7.84	7.97	7.87	8.14	7.26	490040	118.32	223.328	57	419	41600	1	0	0	1
850.584	91.2	0.307	30724.705	158.9	9.05	9.22	9.185	9.33	7.96	312011	169.4	221.36	56	615	17000	0	1	0	0
21.381	59.36	0.542	39701.585	127.7	6.92	7.07	6.815	7.07	8.26	531448	176.48	225.792	55	395	72400	0	0	1	0
25.5914	74.38	0.415	32918.93	116.1	8.725	8.93	8.805	8.78	7.16	462430	175.8	223.92	47	546	49000	1	0	0	1
21.3176	59.92	0.512	43134.575	156.8	8.51	8.67	8.52	8.82	7.44	515276	169.92	286.368	60	466	79600	1	0	0	0
26.5086	98.78	0.376	35724.205	172.3	9.02	9.195	9.04	9.115	7.76	444896	163.2	282.88	41	564	36000	0	1	0	0
133.3274	91.2	0.26	34546.545	173.5	8.96	9.015	8.985	9.03	7.96	393382	141.92	282.368	54	772	29600	0	0	0	1
133.835	91.2	0.41700000000000004	33963.27	153.3	8.225	8.33	8.12	8.235	6.96	435929	171.64	243.05599999999998	57	596	38200	1	1	0	0
22.4658	75.02	0.45299999999999996	32846.715	166.4	8.725	8.885	8.72	8.965	7.44	394329	0.0	303.008	35	577	37600	1	0	0	1
20.6932	67.12	0.5621	33502.205	96.8	6.525	6.71	6.6	6.885	8.62	480695	149.76	283.10400000000004	22	518	38800	1	1	0	0
23.7672	68.82	0.552	32141.23	106.8	7.375	7.5	7.3	7.625	8.42	445250	186.0	243.2	39	455	40000	1	0	1	0
27.384	74.8	0.456	36479.685	160.8	8.04	8.345	8.1	8.305	7.32	483058	191.52	263.808	56	544	47600	1	0	1	0
434.324	91.2	0.341	22986.59	173.5	9.27	9.495	9.3	9.58	6.96	352670	170.76	281.904	53	620	23800	1	0	0	1
21.674	61.88	0.563	39912.675	112.4	7.585	7.785	7.66	7.835	8.96	520707	185.96	285.584	20	464	69800	0	0	0	1
25.0712	74.8	0.456	31691.275	151.2	7.99	8.1	7.945	8.075	7.32	482381	134.48	242.592	58	559	32400	0	0	0	1
21.9698	106.3	0.419	32657.845	169.3	8.895	9.13	8.9	9.06	8.18	395312	125.52	263.008	56	622	37600	0	0	0	1
20.8834	59.48	0.6	38168.405	120.9	5.955	6.16	6.055	6.175	9.04	503113	181.92	223.968	29	429	49600	1	0	0	1
20.9864	59.36	0.528	38046.195	143.8	8.36	8.555	8.345	8.375	8.32	490857	209.28	244.512	46	470	56400	1	0	0	0
22.4408	60.78	0.555	36801.875	131.3	8.215	8.385	8.12	8.29	7.4	489220	199.36	284.54400000000004	46	467	56800	0	0	0	1
148.881	91.2	0.41600000000000004	35690.875	148.3	8.8	9.04	8.83	8.93	7.96	458882	174.44	202.576	42	538	32200	1	1	0	0
24.8206	69.76	0.507	33791.065	117.2	7.205	7.31	7.26	7.395	8.08	448684	180.88	303.552	27	509	44400	0	1	0	0
72.7096	74.8	0.456	27625.015	111.3	8.685	8.86	8.685	8.735	7.32	447032	146.44	222.576	27	562	32200	0	0	0	1
45.0358	71.28	0.462	30941.35	171.6	8.035	8.205	7.955	8.21	7.8	371051	157.39149797570855	302.176	44	484	27200	1	0	0	0
25.9832	68.92	0.536	32530.08	115.6	7.67	7.895	7.745	7.83	7.28	448615	124.44	303.376	27	466	42200	1	1	0	0
39.5234	98.78	0.376	31980.135	171.9	8.825	8.86	8.735	8.885	6.76	402396	180.24	222.49599999999998	32	646	31200	0	0	0	0
50.3804	94.16	0.395	46523.125	167.4	8.87	9.03	8.8	8.975	9.06	561132	160.0	248.0	57	603	100000	1	0	0	1
22.6316	75.02	0.45299999999999996	34307.68	146.0	8.535	8.645	8.5	8.86	8.44	432696	130.48	263.392	23	528	42400	0	1	0	0
21.2422	57.5	0.5710000000000001	36051.95	117.9	5.5	5.685	5.445	5.785	8.06	530639	145.16	303.664	55	389	45800	0	0	0	1
492.964	91.2	0.32899999999999996	35440.9	169.7	9.24	9.39	9.235	9.365	6.96	359760	185.24	282.096	54	632	26200	1	0	1	0
593.116	91.2	0.40299999999999997	28636.025	173.5	9.08	9.315	9.195	9.235	7.96	375488	132.52	282.608	58	559	32600	0	0	0	1
21.7652	76.62	0.5870000000000001	35646.435	80.1	7.24	7.465	7.205	7.52	7.16	501152	195.68	283.872	38	410	48400	1	0	0	1
30.8904	98.78	0.376	34168.805	171.4	9.045	9.205	9.16	9.255	7.76	411330	173.12	202.84799999999998	29	592	35600	1	0	1	0
28.9582	67.4	0.493	37362.93	140.0	8.165	8.31	8.015	8.205	8.52	514773	197.6	264.64	32	441	58000	1	0	0	1
24.2248	70.74	0.47600000000000003	31280.205	173.5	6.91	7.075	6.85	7.0	7.96	295168	118.6	242.64	55	564	33000	1	1	0	0
28.1542	67.4	0.493	34241.02	164.8	8.345	8.48	8.42	8.66	8.52	369907	114.68	283.472	37	574	43400	1	1	0	0
23.1872	68.82	0.552	34502.105	80.0	6.98	7.17	7.08	7.33	8.42	473146	121.88	303.952	56	449	49400	1	0	0	1
93.939	91.2	0.282	27569.465	164.9	8.96	9.225	9.07	9.245	7.96	417956	204.76	283.504	58	757	43800	0	0	1	0
21.0046	67.12	0.5621	31696.83	101.9	6.665	6.72	6.67	6.665	8.62	450203	134.84	282.736	21	522	34200	0	0	1	0
934.922	91.2	0.307	25103.045	173.5	9.13	9.25	9.05	9.255	7.96	212912	120.8	241.12	40	693	14000	1	0	0	1
24.5938	76.18	0.511	35140.93	126.0	7.685	7.88	7.765	7.955	7.28	444948	133.76	223.90400000000002	52	511	48800	1	0	0	1
175.0446	91.2	0.287	35002.055	157.2	8.45	8.715	8.59	8.675	7.96	425095	111.96	302.384	39	650	29800	0	0	0	1
20.7922	65.38	0.485	33535.535	108.0	6.87	7.15	6.865	7.145	6.96	477685	178.44	283.376	57	506	42200	1	1	0	0
21.6442	66.72	0.569	38646.135	80.3	5.41	5.575	5.45	5.755	7.18	534094	179.84	244.736	57	396	59200	0	0	0	0
28.0404	74.8	0.456	35452.01	140.7	8.1	8.325	8.21	8.3	8.32	478332	111.24	203.696	53	515	46200	0	1	0	0
24.996	98.78	0.376	32535.635	171.7	9.055	9.295	9.08	9.235	6.76	380380	161.32	282.128	39	593	26600	0	0	0	1
287.19599999999997	91.2	0.307	32702.285	168.2	9.005	9.23	8.97	9.23	7.96	420044	135.08	302.032	40	654	25400	0	1	0	0
60.2038	94.16	0.395	44045.595	169.7	8.945	9.045	8.845	9.07	9.06	517904	166.0	308.0	37	522	100000	1	0	0	1
20.272000000000002	63.0	0.59	32707.84	121.1	6.3	6.365	6.2	6.5	6.78	410055	173.56	303.024	55	387	37800	1	1	0	0
23.5798	74.38	0.415	31496.85	102.3	8.46	8.755	8.465	8.72	8.16	394787	169.24	283.69599999999997	55	556	46200	0	0	0	0
27.5156	76.18	0.511	30019.22	162.1	8.005	8.295	8.1	8.27	7.28	347413	119.72	283.08799999999997	39	489	38600	0	0	0	1
25.2338	74.8	0.456	33457.765	163.9	8.5	8.665	8.425	8.745	7.32	475124	125.76	263.10400000000004	26	535	38800	1	1	0	0
25.9638	67.4	0.496	42695.73	90.5	8.225	8.35	8.195	8.475	8.52	547397	202.68	287.472	43	550	93400	1	0	1	0
20.2602	58.04	0.5579999999999999	40223.755	122.8	6.34	6.52	6.41	6.655	8.9	516919	125.08	265.232	48	525	65400	1	1	0	0
21.372	60.78	0.555	41195.88	136.0	8.085	8.32	8.165	8.435	8.4	484613	131.28	265.312	31	510	66400	0	0	0	1
22.0306	80.66	0.563	34879.845	148.0	7.835	8.14	7.87	8.05	8.26	478283	146.0	243.2	22	453	40000	0	1	0	0
20.6082	65.38	0.485	32746.725	133.1	7.07	7.255	7.16	7.285	7.96	452920	165.4	242.96	21	567	37000	1	0	0	1
22.791999999999998	72.12	0.48	34257.685	163.5	8.685	8.875	8.66	8.935	6.82	432081	157.39149797570855	203.21599999999998	20	458	40200	1	1	0	0
337.20599999999996	91.2	0.321	32752.28	168.9	8.925	9.145	9.015	9.095	7.96	349335	111.32	301.328	51	674	16600	1	0	1	0
20.7156	61.66	0.5571	43440.1	138.0	7.51	7.665	7.58	7.855	9.02	538611	142.16	207.264	50	420	90800	0	1	0	0
21.5792	80.66	0.563	34846.515	79.5	7.73	8.025	7.715	8.025	7.26	488560	157.64	203.856	40	389	48200	0	0	0	1
145.7614	91.2	0.26	35224.255	169.9	8.885	8.98	8.89	9.105	7.96	401882	203.96	302.384	41	707	29800	0	1	0	0
63.101000000000006	94.16	0.129	31263.54	173.5	9.09	9.255	9.155	9.47	8.06	399297	112.24	202.49599999999998	32	760	31200	1	0	0	1
21.6374	60.78	0.555	43440.1	110.4	8.23	8.29	8.2	8.285	7.4	544945	217.52	207.00799999999998	25	512	87600	1	0	0	0
23.5566	74.38	0.415	30935.795	147.0	8.77	8.805	8.755	8.87	7.16	414921	197.0	282.8	47	635	35000	0	0	1	0
20.7102	64.72	0.574	34257.685	120.2	7.24	7.41	7.165	7.385	7.2	485743	151.16	203.66400000000002	34	405	45800	1	0	1	0
25.0398	76.18	0.511	32124.565	146.2	7.68	7.875	7.7	8.04	8.28	378970	159.0	203.6	38	519	45000	1	1	0	0
243.208	91.2	0.26	36824.095	168.1	8.925	9.015	8.93	8.88	7.96	338798	203.36	242.144	46	769	26800	0	0	0	0
281.502	91.2	0.42	31735.715	130.2	8.49	8.705	8.44	8.715	6.96	437878	126.04	263.216	27	512	40200	0	1	0	0
21.6398	82.84	0.563	33379.995	115.8	7.23	7.265	7.22	7.28	7.8	481269	176.68	223.472	23	386	43400	0	0	1	0
20.4354	59.06	0.585	42273.55	89.2	6.825	6.955	6.735	6.95	9.06	554735	210.92	286.768	30	459	84600	0	0	0	0
26.609	67.4	0.493	33807.73	135.0	8.045	8.305	8.095	8.255	8.52	471552	183.6	283.84	57	525	48000	1	1	0	0
26.8012	98.78	0.376	35874.19	172.4	8.815	9.035	8.82	9.095	6.76	466796	179.68	263.072	25	663	38400	1	1	0	0
110.8384	91.2	0.23	35540.89	161.5	8.635	8.79	8.655	8.885	6.96	486963	176.0	204.0	37	673	50000	0	1	0	0
22.9732	72.12	0.48	37368.485	153.4	8.45	8.66	8.595	8.74	6.82	471052	193.0	304.4	24	470	55000	1	0	1	0
21.0118	63.98	0.551	35490.895	121.5	7.515	7.645	7.505	7.775	7.3	454277	133.56	283.824	23	422	47800	0	0	1	0
24.4376	68.92	0.536	42723.505	125.3	7.735	7.95	7.76	7.82	8.28	522502	120.08	205.632	39	425	70400	1	0	0	1
22.1586	72.12	0.48	34413.225	127.9	8.475	8.7	8.48	8.79	7.82	423752	138.68	203.472	37	453	43400	1	1	0	0
21.5006	59.36	0.528	41218.1	145.4	8.345	8.54	8.36	8.555	7.32	497990	213.36	245.34400000000002	23	506	66800	1	0	0	1
22.5632	67.14	0.591	32691.175	106.5	6.725	6.805	6.7	6.77	7.22	499656	166.36	223.34400000000002	56	384	41800	0	0	1	0
185.345	91.2	0.332	32635.625	163.1	9.435	9.495	9.375	9.44	6.96	464886	216.0	248.0	57	645	100000	1	1	0	0
20.2864	57.64	0.589	37862.88	114.0	5.685	5.86	5.815	5.99	8.98	512129	148.64	305.056	45	426	63200	1	0	1	0
35.0052	71.28	0.462	32907.82	167.6	7.655	7.965	7.64	7.94	7.8	414145	164.24	262.496	27	502	31200	1	0	1	0
36.5052	62.94	0.353	40701.485	168.0	8.795	8.99	8.895	9.16	8.4	450060	114.4	224.96	60	555	62000	1	1	0	0
22.4166	60.78	0.555	44823.295	149.5	8.15	8.34	8.215	8.305	7.4	543618	125.48	246.192	53	413	77400	1	0	0	1
218.331	91.2	0.307	32507.86	151.3	9.15	9.38	9.14	9.33	6.96	270691	134.52	281.008	42	613	12600	0	0	0	1
22.6116	75.02	0.45299999999999996	32618.96	146.6	8.6	8.865	8.69	8.89	7.44	410730	160.16	283.264	40	566	40800	1	0	0	1
22.7108	67.14	0.591	31074.67	110.3	6.745	6.915	6.73	6.615	8.22	461313	176.96	302.784	40	485	34800	0	0	0	1
86.421	94.16	0.129	30013.665	173.5	9.33	9.48	9.18	9.365	9.06	329378	105.36	262.144	42	807	26800	1	0	0	1
20.7864	61.82	0.511	35579.775	147.4	8.42	8.525	8.295	8.575	7.44	496193	164.8	263.52	23	451	44000	0	0	0	1
24.5854	68.82	0.552	33496.65	159.0	7.085	7.18	7.125	7.23	7.42	374797	106.64	242.65599999999998	44	526	33200	1	0	0	1
21.9024	80.66	0.563	34918.73	118.5	7.585	7.75	7.585	8.07	8.26	496661	120.56	203.424	28	382	42800	0	1	0	0
20.5798	57.5	0.5710000000000001	38546.145	108.0	5.56	5.73	5.515	5.605	8.06	495540	112.64	224.25599999999997	30	393	53200	1	1	0	0
20.2762	55.92	0.578	43745.625	105.5	7.095	7.235	7.12	7.25	9.12	546519	164.0	288.0	26	430	100000	1	0	0	1
20.7536	58.04	0.596	40407.07	111.8	6.235	6.39	6.27	6.485	8.48	519868	203.84	285.536	43	412	69200	0	0	1	0
23.351999999999997	69.76	0.507	35696.43	125.8	7.63	7.84	7.615	7.83	8.08	510893	135.52	263.808	48	554	47600	1	0	0	1
21.103	59.36	0.528	40195.98	114.6	7.95	8.02	7.955	8.03	7.32	525924	138.44	205.77599999999998	55	524	72200	0	0	0	1
33.4382	71.28	0.462	32291.215	163.8	7.53	7.705	7.645	7.755	6.8	436807	194.64	242.65599999999998	59	476	33200	0	0	1	0
78.48	94.16	0.395	33891.055	166.5	8.815	8.86	8.705	9.055	8.06	471586	200.0	244.0	22	533	50000	1	0	0	1
293.562	91.2	0.26	32968.925	161.4	9.075	9.195	9.065	9.025	6.96	257073	191.36	281.344	57	712	16800	1	1	0	0
21.2094	59.92	0.512	34179.915	142.3	8.285	8.475	8.25	8.43	7.44	463628	163.84	224.736	45	466	59200	1	0	1	0
67.3724	94.16	0.129	27363.93	169.2	9.115	9.32	9.17	9.475	9.06	286266	137.84	222.33599999999998	24	800	29200	0	1	0	0
21.8328	76.62	0.5870000000000001	33691.075	81.3	7.27	7.52	7.195	7.44	7.16	500290	117.12	203.648	20	361	45600	0	0	0	1
30.5386	67.4	0.496	48467.375	156.5	8.435	8.695	8.525	8.56	7.52	521198	150.0	268.0	20	570	100000	1	0	0	1
67.5868	94.16	0.129	34052.15	173.5	9.155	9.37	9.14	9.495	8.06	305675	155.52	202.208	59	846	27600	1	0	0	1
21.8756	70.74	0.47600000000000003	32713.395	112.5	7.12	7.43	7.21	7.335	8.96	407557	110.68	203.472	57	575	43400	1	0	0	0
26.6294	67.4	0.493	45812.085	143.9	8.09	8.255	8.13	8.225	7.52	529841	181.32	227.72799999999998	23	504	96600	1	1	0	0
20.374000000000002	63.3	0.5710000000000001	36196.38	101.2	5.565	5.855	5.71	5.795	8.42	485496	163.24	243.696	47	385	46200	1	0	1	0
183.0348	91.2	0.3	29941.45	172.4	9.0	9.25	9.025	9.265	7.96	369811	120.6	241.84	51	616	23000	0	0	0	0
22.805999999999997	66.72	0.569	36035.285	86.5	6.25	6.34	6.185	6.43	7.18	522769	123.76	283.904	38	389	48800	1	0	0	1
23.9604	76.18	0.511	34341.01	115.9	7.925	8.095	8.02	8.065	7.28	456943	157.39149797570855	244.0	30	480	50000	1	0	1	0
75.5948	94.16	0.129	27236.165	171.3	9.26	9.46	9.225	9.365	8.06	294970	132.72	261.888	52	795	23600	1	0	0	1
22.3008	60.78	0.555	34235.465	143.1	8.21	8.325	8.23	8.245	8.4	467769	204.56	243.424	21	463	42800	0	0	0	1
21.433000000000003	106.3	0.419	33352.22	157.6	8.78	9.02	8.815	8.99	8.18	454602	194.12	203.248	39	568	40600	1	0	0	0
20.8924	64.72	0.574	36768.545	143.9	7.145	7.445	7.145	7.46	7.2	510436	111.56	243.824	49	501	47800	1	0	1	0
221.24599999999998	91.2	0.41600000000000004	37957.315	167.8	8.95	9.055	8.865	8.955	7.96	388831	133.64	282.256	29	547	28200	1	0	1	0
216.4698	91.2	0.32899999999999996	37740.67	172.3	9.215	9.465	9.24	9.365	7.96	349344	121.32	282.128	22	691	26600	1	1	0	0
20.2622	57.44	0.597	40268.195	95.4	5.55	5.795	5.605	5.655	8.42	512329	150.16	265.664	50	480	70800	1	0	0	1
21.2324	63.78	0.5579999999999999	32763.39	125.8	5.965	6.075	5.835	6.095	7.24	459385	120.88	262.752	46	441	34400	0	0	0	1
20.7074	67.18	0.5670000000000001	36607.45	113.9	7.185	7.4	7.25	7.175	8.78	456975	198.8	243.52	21	372	44000	1	0	0	1
32.5952	71.28	0.462	33046.695	135.3	7.64	7.705	7.535	7.705	6.8	472490	118.16	283.264	39	535	40800	1	1	0	0
20.575	85.08	0.536	34502.105	102.4	8.04	8.225	8.095	8.305	8.36	508101	206.0	284.0	46	492	50000	0	0	0	0
23.9078	76.62	0.5870000000000001	34690.975	79.7	7.32	7.385	7.25	7.47	8.16	493124	119.36	243.74400000000003	45	434	46800	1	0	1	0
210.2726	91.2	0.287	37374.04	167.6	8.75	8.9	8.625	8.73	6.96	402950	117.76	282.30400000000003	34	661	28800	0	0	0	1
389.964	91.2	0.332	22986.59	173.5	9.27	9.48	9.425	9.55	6.96	215432	141.52	262.20799999999997	35	712	27600	0	0	1	0
421.69800000000004	91.2	0.3	24264.24	164.7	9.25	9.33	9.26	9.28	7.96	269764	113.52	281.408	25	626	17600	0	0	0	1
27.747	106.3	0.419	31180.215	169.1	9.035	9.24	9.1	9.115	8.18	303828	154.28	202.512	42	635	31400	0	0	1	0
21.1122	59.48	0.6	39112.755	83.5	6.08	6.095	5.945	6.22	8.04	524749	159.6	224.64	36	414	58000	1	0	1	0
233.43599999999998	91.2	0.26	35879.745	168.3	8.9	9.15	8.995	8.98	6.96	342695	106.72	241.888	28	762	23600	1	0	0	1
21.6894	63.1	0.49	32546.745	142.2	8.58	8.65	8.485	8.88	7.68	480435	195.04	303.616	35	530	45200	1	0	0	1
207.8126	91.2	0.26	31257.985	167.4	9.065	9.14	8.995	9.165	6.96	334563	169.12	302.048	50	731	25600	1	1	0	0
24.4978	70.74	0.47600000000000003	35424.235	167.8	6.675	6.845	6.725	7.06	8.96	369595	120.0	222.4	29	578	30000	0	0	1	0
21.2258	61.66	0.5571	42467.975	123.2	7.27	7.53	7.285	7.495	8.02	524593	174.4	247.36	25	512	92000	1	0	1	0
28.2476	67.4	0.496	39790.465	153.4	8.345	8.44	8.36	8.42	7.52	506523	126.64	205.05599999999998	34	541	63200	0	0	0	1
159.243	91.2	0.3	31735.715	170.5	8.9	9.145	8.885	9.22	6.96	416162	194.04	222.416	20	711	30200	1	0	0	1
23.6318	69.76	0.507	35418.68	127.8	7.575	7.81	7.595	7.94	8.08	484440	155.24	283.69599999999997	40	470	46200	1	0	1	0
21.131999999999998	61.82	0.511	38923.885	159.8	8.25	8.455	8.28	8.175	8.44	509357	139.44	203.77599999999998	28	456	47200	0	0	0	1
20.7476	65.38	0.485	35052.05	112.0	6.74	6.83	6.655	6.855	6.96	505077	150.28	303.312	53	555	41400	1	0	0	0
219.3308	91.2	0.26	36024.175	173.5	8.855	9.1	8.9	9.19	6.96	387633	132.16	282.464	21	670	30800	0	0	0	1
20.5526	60.9	0.5720000000000001	36635.225	95.3	7.175	7.325	7.225	7.475	8.34	553070	138.32	244.928	49	451	61600	1	0	0	1
24.2818	66.72	0.569	35763.09	82.4	6.285	6.41	6.295	6.215	7.18	548870	205.92	243.968	50	469	49600	0	0	1	0
23.6674	110.48	0.391	30074.77	171.8	8.96	9.235	9.03	9.26	6.98	351221	196.8	301.12	29	659	14000	0	1	0	0
22.058000000000003	64.86	0.5720000000000001	35318.69	126.4	6.445	6.595	6.405	6.485	8.68	479264	120.88	203.55200000000002	42	412	44400	1	0	0	1
30.81	62.94	0.425	41495.85	126.1	8.415	8.69	8.51	8.645	9.4	558567	181.4	306.96	43	504	87000	0	0	1	0
20.8602	58.82	0.5870000000000001	31457.965	95.4	4.62	4.815	4.62	4.775	7.6	484954	175.28	242.912	34	470	36400	0	1	0	0
30.8022	62.94	0.353	40012.665	155.3	8.94	9.025	8.815	8.995	9.4	483080	157.39149797570855	225.408	21	681	67600	1	0	1	0
21.6774	80.66	0.563	32630.07	110.1	7.735	7.885	7.59	7.785	8.26	467670	128.12	303.248	37	472	40600	0	0	0	0
112.9378	91.2	0.386	38773.9	141.1	8.615	8.825	8.73	8.765	6.96	469624	147.92	304.768	56	630	59600	1	0	0	0
37.0408	71.28	0.462	33135.575	162.7	7.945	8.14	7.83	8.06	7.8	457361	183.84	283.13599999999997	23	541	39200	1	1	0	0
22.7828	63.1	0.49	30952.46	162.0	8.65	8.73	8.635	8.79	7.68	415584	187.24	243.696	38	530	46200	0	0	0	1
42.5316	94.16	0.129	27841.66	161.5	9.09	9.22	9.05	9.42	9.06	455196	108.12	202.44799999999998	46	851	30600	1	1	0	0
20.2192	59.5	0.611	35846.415	105.4	6.335	6.445	6.26	6.345	7.94	511643	208.8	283.52	55	347	44000	1	1	0	0
787.0360000000001	91.2	0.307	30291.415	173.5	9.215	9.37	9.105	9.33	6.96	291101	186.0	260.8	26	653	10000	0	0	1	0
25.3876	74.8	0.456	34807.63	156.3	8.31	8.51	8.295	8.36	8.32	474736	176.64	283.45599999999996	33	543	43200	1	1	0	0
507.876	91.2	0.3	25841.86	173.5	9.145	9.32	9.14	9.46	7.96	291349	154.2	301.68	34	597	21000	1	0	0	1
20.7168	61.74	0.602	34940.95	91.3	6.69	6.785	6.575	6.725	8.78	545499	189.4	243.76	20	375	47000	0	0	0	1
30.6824	62.94	0.353	41773.6	162.9	8.8	9.0	8.925	9.0	9.4	526451	133.24	226.896	24	651	86200	1	0	0	0
21.2834	66.92	0.501	32957.815	141.7	8.155	8.365	8.23	8.53	7.16	475977	189.56	223.024	43	530	37800	1	0	0	1
23.8266	66.72	0.569	31135.775	143.7	5.86	6.085	5.86	6.285	8.18	405929	185.4	202.96	59	438	37000	1	1	0	0
21.8206	59.92	0.512	39746.025	165.7	8.64	8.675	8.54	8.75	7.44	549262	185.16	306.064	56	430	75800	1	0	0	1
27.6428	67.4	0.496	44662.2	160.0	8.255	8.52	8.345	8.45	7.52	560909	119.04	206.016	54	532	75200	1	0	0	0
21.5956	67.82	0.5529999999999999	36007.51	105.6	7.89	7.96	7.8	8.075	8.48	504442	125.64	204.65599999999998	38	478	58200	1	0	0	1
125.861	91.2	0.3	33613.305	156.0	8.915	9.045	8.76	8.94	7.96	412194	193.28	203.71200000000002	53	619	46400	1	0	0	1
184.0116	91.2	0.287	32974.48	153.8	8.57	8.755	8.595	8.52	7.96	402267	177.4	262.16	46	749	27000	0	1	0	0
21.7328	61.88	0.563	39873.79	99.8	6.62	6.83	6.7	6.895	7.96	515199	210.56	225.824	40	448	72800	1	0	1	0
21.7658	70.74	0.47600000000000003	33396.66	140.1	7.065	7.265	7.15	7.4	8.96	459241	139.16	243.66400000000002	41	522	45800	1	0	0	1
22.8104	76.18	0.511	35413.125	105.8	7.945	8.04	7.91	8.215	7.28	504226	151.24	204.49599999999998	3	441	56200	1	1	0	0
20.9638	62.28	0.608	33929.94	105.5	5.305	5.495	5.345	5.42	7.72	528690	130.76	243.50400000000002	56	370	43800	0	0	0	1
20.8674	66.28	0.561	33968.825	136.5	6.48	6.63	6.46	6.795	8.64	502413	140.2	223.28	30	473	41000	1	0	1	0
25.2726	72.12	0.48	34602.095	164.7	8.715	8.86	8.56	8.775	6.82	437611	195.76	283.10400000000004	41	555	38800	1	1	0	0
43.8588	98.78	0.376	35140.93	171.2	8.73	8.985	8.79	8.955	6.76	438063	151.84	243.136	29	559	39200	1	1	0	0
168.0778	91.2	0.40299999999999997	31202.435	171.4	9.235	9.325	9.215	9.315	6.96	316479	128.88	242.752	25	528	34400	0	0	0	1
22.53	65.26	0.547	37562.91	116.9	5.885	6.155	5.95	6.045	8.06	469499	118.0	264.0	28	470	50000	1	0	0	0
23.4284	68.82	0.552	31563.51	107.3	7.385	7.525	7.395	7.49	8.42	470466	161.72	223.088	21	445	38600	0	0	0	1
25.6784	69.76	0.507	31707.94	147.8	7.545	7.7	7.55	7.765	8.08	446743	131.4	302.96	25	501	37000	1	1	0	0
298.268	91.2	0.287	34485.44	168.5	8.78	8.955	8.845	8.975	7.96	420282	156.68	221.872	37	749	23400	0	1	0	0
22.5604	72.12	0.48	35963.07	170.6	8.64	8.91	8.73	8.85	7.82	473768	171.92	203.168	48	502	39600	0	0	0	0
22.891	70.74	0.47600000000000003	34285.46	169.6	6.98	7.075	6.875	7.17	7.96	400821	116.84	243.53599999999997	56	571	44200	0	0	1	0
23.4008	70.74	0.47600000000000003	33352.22	159.4	6.665	6.725	6.575	6.855	7.96	412012	189.56	283.024	45	508	37800	1	0	0	1
64.8472	94.16	0.395	32518.97	165.3	8.645	8.805	8.755	8.95	9.06	467883	167.08	303.632	56	659	45400	1	0	1	0
331.514	91.2	0.42	32918.93	144.5	8.52	8.55	8.44	8.67	6.96	383739	117.64	303.056	28	494	38200	0	1	0	0
21.0958	59.36	0.528	36751.88	131.6	8.185	8.475	8.175	8.425	7.32	462490	131.36	304.54400000000004	22	454	56800	0	1	0	0
381.69199999999995	91.2	0.321	35740.87	173.5	9.06	9.125	9.08	9.065	6.96	302506	172.88	221.15200000000002	59	588	14400	0	1	0	0
20.6718	60.9	0.5720000000000001	39018.32	89.3	7.185	7.345	7.235	7.43	8.34	567784	123.96	305.584	20	428	69800	1	0	0	1
100.7682	91.2	0.46799999999999997	34602.095	164.2	8.36	8.605	8.415	8.425	6.96	455983	173.84	263.13599999999997	52	475	39200	1	0	0	0
20.3076	62.5	0.606	41406.97	107.7	6.67	6.985	6.665	7.01	8.82	524356	133.6	267.04	38	422	88000	0	0	0	1
25.0774	68.82	0.552	29991.445	168.8	7.01	7.16	7.02	7.07	8.42	264112	141.76	282.30400000000003	34	427	28800	0	1	0	0
44.6494	71.28	0.462	34118.81	165.2	7.91	8.01	7.845	8.275	6.8	387496	116.08	282.432	48	575	30400	1	0	0	1
27.3788	66.72	0.569	45878.745	81.9	5.485	5.555	5.465	5.68	7.18	518247	217.12	266.848	53	509	85600	0	0	0	1
56.0056	94.16	0.395	32646.735	152.7	8.655	8.895	8.71	8.89	8.06	468741	201.52	203.808	22	549	47600	1	0	1	0
53.132	94.16	0.129	34007.71	170.8	9.175	9.24	9.035	9.315	8.06	428936	110.6	243.44	34	831	43000	0	0	0	1
32.4712	67.4	0.493	38212.845	151.2	8.295	8.395	8.31	8.455	7.52	470809	189.0	244.4	50	469	55000	1	0	0	0
21.0744	82.84	0.563	36379.695	124.5	6.89	7.125	6.865	7.195	7.8	479856	208.84	204.33599999999998	26	454	54200	0	1	0	0
22.291999999999998	68.92	0.536	36318.59	132.2	7.995	8.185	7.94	8.045	7.28	502420	169.76	263.904	40	440	48800	1	0	0	1
304.724	91.2	0.307	35235.365	173.5	9.12	9.33	9.095	9.305	7.96	374897	146.88	201.15200000000002	50	703	14400	1	1	0	0
89.4856	91.2	0.282	48772.9	156.4	9.015	9.145	9.04	8.99	6.96	493047	160.76	243.50400000000002	26	622	43800	0	0	0	1
224.66	91.2	0.386	34357.675	170.2	8.855	9.01	8.82	8.975	7.96	382809	105.84	302.336	60	653	29200	1	0	1	0
25.183000000000003	98.78	0.376	31624.615	169.5	8.955	9.135	9.08	9.255	6.76	391198	118.48	302.592	31	567	32400	1	1	0	0
203.7404	91.2	0.3	30752.48	173.5	9.05	9.225	9.14	9.43	7.96	362581	164.52	221.808	46	607	22600	1	0	0	1
236.68400000000003	91.2	0.321	37674.01	164.3	9.05	9.23	8.98	9.1	7.96	335532	157.39149797570855	201.2	35	647	15000	1	0	0	1
68.9906	94.16	0.395	35563.11	168.7	8.85	8.94	8.835	8.85	8.06	449755	110.92	303.568	22	536	44600	0	0	0	0
22.2054	65.26	0.547	35863.08	141.3	6.225	6.46	6.285	6.58	7.06	525189	116.88	203.55200000000002	56	434	44400	1	1	0	0
41.0786	71.28	0.462	32968.925	102.8	7.67	7.805	7.74	7.785	7.8	532331	109.24	203.696	46	547	46200	0	1	0	0
20.689	59.06	0.585	34229.91	111.9	6.8	6.965	6.8	6.89	8.06	501886	155.64	243.856	32	415	48200	1	0	0	1
1042.7160000000001	91.2	0.40299999999999997	31980.135	173.5	9.155	9.34	9.21	9.47	6.96	474055	192.0	222.4	52	617	30000	0	0	0	1
39.1154	71.28	0.462	33591.085	162.3	7.75	7.8	7.7	7.845	6.8	406866	173.92	262.368	20	488	29600	1	0	1	0
76.3676	91.2	0.46799999999999997	32007.91	113.8	7.795	8.055	7.875	8.075	7.96	481869	192.72	283.488	57	483	43600	0	0	0	0
21.3448	61.48	0.54	35179.815	90.7	7.32	7.46	7.275	7.515	8.62	483051	111.04	283.616	53	452	45200	0	1	0	0
20.3556	57.94	0.597	39634.925	87.4	6.105	6.185	6.015	6.39	7.6	535003	119.16	205.264	22	465	65800	0	0	1	0
206.7778	91.2	0.321	35440.9	169.1	9.01	9.155	8.935	8.965	7.96	354854	175.8	241.52	52	641	19000	1	1	0	0
116.2426	91.2	0.287	37224.055	163.5	8.55	8.81	8.685	8.76	7.96	401242	188.56	242.62400000000002	29	609	32800	1	0	0	1
21.1204	59.92	0.512	43501.205	127.1	8.275	8.405	8.245	8.675	8.44	511949	120.0	268.0	35	458	100000	1	0	1	0
48.277	94.16	0.129	34046.595	169.5	9.115	9.265	9.015	9.11	9.06	440004	148.8	302.72	48	806	34000	0	0	0	0
24.1216	66.72	0.569	31069.115	150.0	5.925	6.19	5.94	6.035	8.18	458708	125.04	242.81599999999997	42	412	35200	0	1	0	0
20.8594	65.64	0.595	36468.575	96.4	6.335	6.505	6.275	6.25	8.68	459056	181.92	283.968	60	411	49600	0	1	0	0
176.7864	91.2	0.345	34490.995	138.9	8.42	8.56	8.45	8.64	7.96	456948	156.56	223.424	55	577	42800	0	0	0	0
49.2672	94.16	0.395	41601.395	164.3	8.915	9.055	8.935	9.155	8.06	539697	210.0	228.0	35	539	100000	1	1	0	0
520.922	91.2	0.307	33257.785	173.5	9.135	9.31	9.04	9.335	7.96	308973	184.24	220.896	30	618	11200	1	0	1	0
20.2878	60.86	0.599	36685.22	92.3	6.745	6.985	6.77	7.06	8.88	525053	185.64	284.656	59	489	58200	0	0	0	1
20.8588	85.08	0.536	34713.195	150.8	8.095	8.33	8.04	8.305	8.36	468556	114.24	263.296	54	465	41200	0	0	0	0
21.147	63.98	0.551	36829.65	129.6	7.625	7.925	7.755	7.815	8.3	495454	194.64	244.25599999999997	56	521	53200	0	0	0	1
20.4018	60.36	0.5839	44628.87	105.4	7.295	7.6	7.36	7.505	8.06	517393	178.0	308.0	51	442	100000	1	0	0	1
28.8356	67.4	0.496	36396.36	94.9	8.22	8.36	8.29	8.385	8.52	561219	146.6	305.04	47	444	63000	1	1	0	0
20.9332	58.04	0.596	39479.385	110.1	6.18	6.49	6.3	6.41	8.48	511537	138.12	284.848	24	401	60600	1	0	0	0
24.9044	74.8	0.456	32119.01	145.2	7.935	8.03	7.83	8.135	8.32	401740	195.92	243.168	50	471	39600	0	0	0	1
21.1292	80.66	0.563	34618.76	127.2	7.33	7.5	7.45	7.69	8.26	447528	176.48	303.392	53	377	42400	1	0	1	0
116.7134	91.2	0.41700000000000004	32802.275	126.7	8.32	8.575	8.42	8.385	6.96	451515	168.24	223.296	44	621	41200	0	1	0	0
26.7966	66.72	0.569	33929.94	108.4	5.815	6.11	5.81	6.155	8.18	465288	141.72	223.888	25	489	48600	1	1	0	0
20.410999999999998	56.48	0.59	35457.565	109.2	5.34	5.535	5.285	5.465	8.54	539589	115.88	303.952	22	383	49400	1	0	1	0
22.2264	110.48	0.391	33235.565	157.0	8.875	9.09	8.94	8.88	6.98	434825	178.04	263.216	57	623	40200	1	0	0	1
27.0466	98.78	0.376	35851.97	171.9	8.925	9.235	8.915	9.225	7.76	442884	138.84	222.736	40	674	34200	1	1	0	0
66.6198	94.16	0.129	28808.23	167.3	9.21	9.385	9.2	9.14	8.06	309356	197.12	282.848	43	838	35600	0	0	1	0
22.6234	72.12	0.48	34035.485	158.7	8.825	9.025	8.915	8.99	6.82	442160	120.16	283.264	57	517	40800	1	0	0	0
21.0604	61.82	0.511	39323.845	136.6	8.17	8.31	8.135	8.555	8.44	515362	151.48	304.592	31	478	57400	1	1	0	0
33.133	62.94	0.353	38007.31	173.5	8.9	9.09	8.84	9.145	8.4	483741	146.04	224.81599999999997	40	599	60200	1	0	0	1
204.646	91.2	0.369	34529.88	173.5	9.31	9.525	9.32	9.505	7.96	454281	196.0	268.0	25	609	100000	1	1	0	0
22.0	67.18	0.5670000000000001	38785.01	91.2	7.095	7.32	7.245	7.355	8.78	546989	165.24	285.296	34	511	66200	0	1	0	0
20.1264	59.62	0.462	36524.125	138.7	7.825	8.095	7.91	7.995	7.94	527367	109.6	223.84	23	494	48000	1	0	0	1
23.0076	106.3	0.419	32530.08	170.5	8.89	9.09	8.965	9.165	8.18	334417	182.92	202.768	51	524	34600	1	0	1	0
22.7284	76.18	0.511	32724.505	95.8	7.88	8.19	7.945	8.09	8.28	456271	159.04	303.616	26	563	45200	1	0	0	1
22.1148	110.48	0.391	33235.565	172.3	9.02	9.155	8.97	9.12	6.98	382738	141.44	282.176	47	563	27200	0	1	0	0
21.4302	63.98	0.551	34002.155	130.3	8.035	8.13	8.08	8.26	8.3	489563	144.88	243.55200000000002	43	510	44400	1	1	0	0
259.022	91.2	0.341	31152.44	173.5	9.27	9.46	9.305	9.39	7.96	434373	133.16	264.464	26	672	55800	1	0	0	1
23.8372	69.76	0.507	35724.205	88.2	7.245	7.45	7.215	7.255	8.08	533713	159.84	303.936	45	454	49200	0	1	0	0
20.8406	85.08	0.536	35785.31	127.1	8.02	8.295	8.015	8.34	8.36	489837	183.16	283.664	60	518	45800	0	0	1	0
21.0994	65.38	0.485	33246.675	118.9	7.555	7.68	7.475	7.665	6.96	457316	127.6	223.04	28	477	38000	0	0	1	0
20.6474	59.36	0.542	38873.89	119.3	6.895	7.035	6.92	7.02	8.26	516279	185.36	225.34400000000002	45	472	66800	1	0	1	0
52.2564	71.28	0.462	33863.28	170.4	7.965	8.17	8.065	8.28	6.8	377048	193.4	222.16	40	497	27000	1	1	0	0
22.3494	70.74	0.47600000000000003	33379.995	156.4	6.865	7.035	6.745	6.905	8.96	451646	185.56	263.024	23	553	37800	0	0	0	0
199.6592	91.2	0.23	34507.66	170.9	8.92	9.095	8.785	8.955	6.96	399154	119.12	282.848	39	773	35600	0	1	0	0
47.7598	71.28	0.462	33052.25	155.5	7.995	8.07	7.845	8.105	7.8	299587	175.28	282.112	25	533	26400	0	0	0	1
337.48800000000006	91.2	0.32899999999999996	36357.475	172.6	9.11	9.35	9.18	9.325	6.96	382857	172.36	201.74400000000003	60	582	21800	0	0	0	0
194.335	91.2	0.307	35946.405	172.3	8.98	9.26	9.085	9.225	7.96	424127	115.24	302.096	29	712	26200	0	0	0	0
25.3676	74.38	0.415	32185.67	144.1	8.48	8.705	8.47	8.56	7.16	426044	107.32	282.928	55	580	36600	1	0	1	0
22.285	82.78	0.45	35402.015	165.9	8.175	8.375	8.315	8.405	8.72	451935	123.2	263.68	21	561	46000	1	1	0	0
43.0344	71.28	0.462	31669.055	168.5	8.1	8.165	8.02	8.14	7.8	394967	167.24	302.096	25	571	26200	1	1	0	0
23.1752	76.62	0.5870000000000001	33113.355	91.0	7.28	7.4	7.29	7.455	8.16	491978	200.68	263.472	46	400	43400	0	0	0	0
21.9488	66.92	0.501	32446.755	134.9	8.305	8.36	8.19	8.39	8.16	474433	150.0	303.2	39	454	40000	0	1	0	0
241.748	91.2	0.282	35613.105	173.5	9.035	9.095	9.06	9.095	6.96	431269	120.68	262.672	48	649	33400	1	0	0	0
44.4716	94.16	0.395	38568.365	170.9	9.005	9.12	9.04	9.08	9.06	501350	164.52	266.608	57	549	82600	1	1	0	0
27.0228	69.76	0.507	33557.755	123.4	7.535	7.785	7.565	7.67	8.08	491464	178.16	263.264	40	457	40800	0	1	0	0
25.818	98.78	0.376	34296.57	167.1	9.07	9.23	9.065	9.41	6.76	354960	113.6	202.24	28	570	28000	0	0	1	0
21.072	66.28	0.561	36168.605	94.6	6.49	6.62	6.44	6.815	8.64	504792	198.0	284.0	56	462	50000	0	0	0	1
21.3234	61.48	0.54	32596.74	99.3	7.29	7.47	7.265	7.54	8.62	483140	199.72	203.088	35	395	38600	1	0	1	0
20.3418	59.04	0.59	37374.04	109.6	3.84	4.035	3.84	4.03	8.6	502830	122.04	244.81599999999997	40	474	60200	1	0	1	0
160.4518	91.2	0.282	33363.33	168.8	9.01	9.215	9.06	8.965	7.96	434982	165.68	202.27200000000002	29	756	28400	0	1	0	0
21.0166	65.38	0.485	35085.38	111.6	6.62	6.9	6.735	6.83	7.96	536791	182.88	223.55200000000002	34	499	44400	0	1	0	0
20.6854	65.38	0.485	32602.295	119.8	7.25	7.545	7.25	7.495	6.96	483878	201.8	303.12	53	447	39000	0	0	0	1
22.9864	65.26	0.547	31891.255	139.7	6.335	6.42	6.235	6.56	7.06	465689	157.39149797570855	222.99200000000002	30	439	37400	0	0	0	1
211.9142	91.2	0.307	35574.22	173.5	9.17	9.32	9.115	9.12	7.96	359036	108.84	281.936	42	689	24200	0	0	0	1
150.7752	91.2	0.369	38973.88	171.0	9.3	9.54	9.4	9.36	6.96	523799	202.0	248.0	46	593	100000	1	1	0	0
115.0474	91.2	0.287	36246.375	160.0	8.695	8.79	8.63	9.015	6.96	408819	155.64	282.256	36	620	28200	0	0	0	1
161.0084	91.2	0.386	33902.165	158.6	8.96	9.1	8.83	9.065	7.96	340669	165.36	1622.4	29	634	26800	0	0	1	0
29.5094	74.8	0.456	33957.715	132.3	7.965	8.07	7.88	8.08	7.32	471282	206.4	243.36	36	542	42000	0	0	0	0
31.801	98.78	0.376	35396.46	171.4	8.795	8.92	8.8	8.83	6.76	456491	179.2	243.68	57	550	46000	1	0	0	0
22.1918	78.86	0.42700000000000005	37740.67	162.8	8.73	8.845	8.8	8.845	6.8	496077	158.8	303.52	47	607	44000	1	1	0	0
93.4734	91.2	0.41700000000000004	35063.16	125.4	7.985	8.075	7.965	7.995	7.96	465487	180.48	263.392	51	500	42400	0	0	0	0
21.3284	63.1	0.49	38107.3	147.9	8.405	8.625	8.395	8.75	7.68	513390	117.96	224.78400000000002	28	548	59800	0	1	0	0
377.334	91.2	0.32899999999999996	34568.765	173.5	9.26	9.435	9.26	9.27	7.96	353650	158.08	221.632	46	581	20400	0	0	0	0
1490.682	91.2	0.321	33091.135	173.5	9.02	9.155	9.075	9.15	7.96	383325	169.52	241.408	52	680	17600	0	1	0	0
21.8356	63.1	0.49	35640.88	157.6	8.57	8.715	8.615	8.805	7.68	467457	197.44	203.77599999999998	59	540	47200	1	1	0	0
44.1484	94.16	0.395	32635.625	168.1	8.65	8.79	8.64	9.07	9.06	438703	158.96	222.78400000000002	28	606	34800	0	0	1	0
117.4282	91.2	0.386	36018.62	167.1	8.71	8.85	8.76	9.075	7.96	373575	122.68	282.672	22	567	33400	1	0	0	1
21.8504	64.86	0.5720000000000001	36696.33	115.7	6.875	6.945	6.795	7.005	7.68	507617	111.32	303.728	51	413	46600	0	0	0	0
83.272	91.2	0.345	31991.245	121.7	8.37	8.595	8.365	8.54	6.96	431316	199.96	243.18400000000003	43	660	39800	0	1	0	0
21.1288	67.82	0.5529999999999999	37540.69	106.4	7.9	8.01	7.81	8.12	8.48	510207	212.96	245.18400000000003	30	426	64800	0	0	0	1
24.2076	61.66	0.5571	37840.66	105.7	7.825	8.04	7.89	8.045	9.02	504458	192.04	245.61599999999999	26	513	70200	0	0	1	0
308.416	91.2	0.26	35890.855	166.8	8.84	9.09	8.945	9.125	6.96	404986	121.84	201.53599999999997	57	702	19200	1	0	0	1
46.8568	94.16	0.395	33696.63	173.5	9.02	9.23	9.05	9.185	8.06	483363	177.72	263.888	46	556	48600	0	0	0	1
21.7746	66.28	0.561	33124.465	119.2	6.46	6.725	6.5	6.685	7.64	442225	0.0	223.15200000000002	21	404	39400	1	0	0	1
30.2366	67.4	0.493	40873.69	145.1	7.88	8.09	7.835	7.9	7.52	533135	210.6	245.04	34	562	63000	1	0	0	1
192.8952	91.2	0.307	34402.115	166.1	9.055	9.17	8.955	9.235	7.96	437541	181.52	282.20799999999997	55	628	27600	0	0	0	1
49.9264	94.16	0.129	30019.22	173.5	9.07	9.27	9.115	9.365	8.06	466687	129.84	223.136	42	754	39200	0	0	0	1
20.1812	60.94	0.6	39373.84	94.3	6.28	6.5	6.18	6.425	7.94	489220	156.88	245.15200000000002	30	424	64400	1	0	0	0
93.5644	91.2	0.23	29785.91	169.7	8.865	9.1	8.895	8.93	6.96	450482	160.32	283.328	52	700	41600	0	0	1	0
35.8082	74.8	0.456	34007.71	126.3	8.555	8.83	8.615	8.725	7.32	501252	164.84	303.536	46	558	44200	1	0	0	1
21.3328	63.1	0.49	36363.03	106.6	8.39	8.545	8.395	8.41	7.68	500067	123.76	244.704	48	509	58800	1	1	0	0
20.5462	69.14	0.531	35668.655	152.4	7.505	7.65	7.44	7.47	7.44	494055	146.64	243.456	42	462	43200	0	0	1	0
26.3654	74.8	0.456	32852.27	156.7	7.9	8.09	7.96	8.055	7.32	387823	145.12	242.84799999999998	43	520	35600	0	0	0	1
21.2526	78.86	0.42700000000000005	36624.115	142.6	8.68	8.775	8.62	8.97	6.8	492480	186.96	243.584	27	561	44800	0	0	0	0
181.1158	91.2	0.41600000000000004	30146.985	168.9	8.695	8.835	8.72	8.895	7.96	418266	181.52	222.208	47	498	27600	0	0	0	0
214.4836	91.2	0.26	35585.33	170.7	8.835	9.015	8.92	9.095	6.96	373307	184.84	302.736	58	775	34200	1	0	0	0
21.2152	78.86	0.42700000000000005	38751.68	164.5	8.83	8.97	8.855	9.01	7.8	532239	109.56	243.824	31	576	47800	0	1	0	0
256.246	91.2	0.282	37907.32	150.0	8.975	9.105	8.96	9.375	7.96	362317	119.36	261.344	26	633	16800	0	1	0	0
36.8108	71.28	0.462	31102.445	159.2	7.655	7.835	7.64	7.96	7.8	422375	187.56	262.224	35	516	27800	1	0	0	1
96.7368	91.2	0.23	34724.305	164.6	8.71	9.01	8.85	8.84	6.96	456314	177.96	263.184	56	733	39800	1	0	0	1
356.236	91.2	0.3	29313.735	171.6	9.27	9.385	9.19	9.3	6.96	267965	202.88	261.152	36	600	14400	0	0	0	0
290.444	91.2	0.369	21458.965	173.5	9.235	9.305	9.23	9.215	7.96	466467	199.24	223.696	24	559	46200	0	0	1	0
20.8022	58.04	0.596	40479.285	107.6	6.21	6.4	6.245	6.525	8.48	549247	145.32	305.328	20	367	66600	1	0	0	0
21.5772	64.9	0.589	39707.14	101.2	7.44	7.515	7.295	7.515	8.16	542840	162.92	205.968	37	475	74600	1	1	0	0
21.4488	58.38	0.589	32685.62	92.0	4.585	4.725	4.515	4.75	8.34	500120	147.44	222.976	50	397	37200	1	0	0	1
20.6098	62.56	0.516	38185.07	101.6	6.645	6.91	6.665	6.85	8.48	534902	212.48	224.99200000000002	23	464	62400	0	0	0	1
39.7686	71.28	0.462	32291.215	173.5	7.825	8.01	7.935	8.04	7.8	365213	149.8	262.32	29	527	29000	1	0	1	0
20.741	61.66	0.5571	38707.24	110.7	7.225	7.54	7.215	7.53	9.02	546620	170.16	285.664	48	422	70800	1	1	0	0
20.4374	60.86	0.599	37774.0	83.4	6.77	6.935	6.775	7.08	7.88	503965	136.44	264.976	24	412	62200	0	0	0	1
137.441	91.2	0.307	35579.775	169.5	9.115	9.18	9.1	9.255	6.96	390048	109.0	222.0	24	685	25000	1	0	0	1
20.9962	66.28	0.561	33318.89	94.9	6.555	6.74	6.565	6.51	8.64	496877	183.36	223.74400000000003	41	416	46800	0	0	0	1
20.7742	65.64	0.595	34490.995	104.8	6.275	6.4	6.21	6.475	7.68	514434	199.28	283.712	60	433	46400	1	0	1	0
20.5086	62.56	0.516	37196.28	129.9	6.985	7.19	7.08	7.28	7.48	480187	179.56	303.824	52	479	47800	1	0	0	0
22.1318	58.82	0.5870000000000001	32974.48	93.0	4.59	4.75	4.69	4.8	6.6	503151	186.24	263.296	53	444	41200	0	0	0	1
29.2592	67.4	0.496	41173.66	150.4	8.06	8.33	8.065	8.2	7.52	540602	134.68	205.072	26	540	63400	1	1	0	0
21.2302	65.38	0.485	33152.24	132.0	7.47	7.62	7.515	7.77	7.96	459687	129.48	262.992	20	534	37400	1	1	0	0
22.7174	76.18	0.511	33685.52	132.6	7.85	8.005	7.725	7.94	7.28	418851	137.76	283.904	31	447	48800	1	1	0	0
21.156	59.92	0.512	38773.9	131.9	8.445	8.725	8.58	8.59	8.44	505742	194.88	225.952	50	456	74400	0	0	1	0
105.2262	91.2	0.23	33952.16	154.8	8.61	8.81	8.72	8.845	6.96	437945	157.39149797570855	283.616	26	743	45200	0	0	1	0
251.558	91.2	0.3	27974.98	170.5	9.01	9.125	9.035	9.29	6.96	317358	109.88	281.552	51	686	19400	0	1	0	0
31.1556	98.78	0.376	35190.925	171.7	8.89	8.965	8.84	9.085	6.76	411162	157.24	222.896	37	663	36200	1	0	0	1
1378.4160000000002	91.2	0.307	31569.065	173.5	9.235	9.405	9.28	9.23	6.96	342621	146.0	280.8	38	654	10000	1	0	0	1
56.6754	94.16	0.395	43340.11	171.7	8.87	9.12	8.945	8.98	8.06	531084	168.0	248.0	22	557	100000	1	0	1	0
23.0172	110.48	0.391	30296.97	166.2	8.95	9.215	9.02	9.175	7.98	411264	120.08	282.432	28	605	30400	0	1	0	0
22.5514	64.86	0.5720000000000001	35513.115	81.3	6.47	6.515	6.435	6.505	7.68	537248	147.48	303.79200000000003	26	481	47400	1	0	0	1
21.8598	106.3	0.419	33113.355	166.4	8.83	9.075	8.865	9.05	8.18	388265	178.2	203.28	51	608	41000	1	1	0	0
48.5004	94.16	0.129	36163.05	173.5	9.08	9.155	9.01	9.22	9.06	475753	143.32	243.72799999999998	36	765	46600	1	0	1	0
